size,colour
S - 5XL,"yellow , team red , steel grey , new royal , navy , maroon , forest green , black"
S - 5XL,"white/steel grey , team red/steel grey , new royal/steel grey , navy/steel grey , hi-liter green/steel grey , grey storm/steel grey , black/steel grey"
S - 3XL,"olympic blue , navy , grey storm , black"
S - 3XL,"white/grey storm/steel grey , vintage red/grey storm/steel grey , pacific blue/grey storm/steel grey , navy/grey storm/steel grey , black/grey storm/steel grey"
S ñ 3XL,"vintage red/steel grey , steel grey/black , saffron/steel grey , navy/steel grey , black/steel grey"
S - 3XL,"team red heather/grey storm  , olympic blue heather/grey strm , heather dark charcoal/black "
S - 5XL (4XL and 5XL selected colours only).,"vintage navy , team red , saffron , olympic blue , dark citron green , black"
S - 5XL.,"white/steel grey , steel grey/white , red/steel grey , olympic blue/white , navy/white , black/white"
S - 5XL (4XL and 5XL selected colours only),"yellow , white , vintage red , vintage navy , steel grey , new royal , dark plum , dark citron green , black"
S - 5XL,"yellow , white , team red , steel grey , olympic blue , navy , dark plum , dark citron green , black"
S ñ 3XL,"olympic blue , metro blue , green tea , dark plum , black"
S - 5XL,"steel grey/white , navy/white , juniper/white , denim/white , black"
S - 5XL,"white , team red , purple , orange , new royal , navy , maroon , heather grey , forest green , black , aspen blue"
S - 5XL (4XL and 5XL selected colours only),"white , tangerine , stone , steel grey , red , olympic blue , navy , mocha , maroon , green tea , forest green , chill , black"
S - 5XL,"white  , team red  , steel grey  , olympic blue  , navy  , forest green  , black "
S - 3XL (4XL - 5XL available for Black and Navy only),"white , vintage red , saffron , olympic blue , navy , black"
S ñ 3XL,"white , saffron , reflection, dark plum , black"
S - 5XL (4XL and 5XL selected colours only).,"white , team red , sandstone , saffron , pine green , olympic blue , new royal , navy , heather , dark plum , dark citron green , black"
S - 5XL,"navy , maroon , juniper/steel grey/white , fossil , chill , black"
S - 5XL,"white , vintage red , vintage navy , olympic blue , black , anthracite"
S - 5XL,"team red heather/black smoke , new royal heather/black smoke , heather dk charcoal/black smoke , apple heather/black smoke"
S - 5XL (4XL and 5XL selected colours only),"woodland , white , tan , stone , spark , red , port , navy , grey , fresh , dijon , butter , blue , black"
L - 5XL+,"white , tan , navy , blue , black"
S - 5XL (4XL and 5XL selected colours only),"woodland , white , tan , stone , spark , red , port , navy , midland green , grey , fresh , dijon , butter , blue , black"
L - 5XL+,"white , tan , navy , blue , black"
S - 5XL,"white , team red , navy , maroon , grey , frost blue , forest green , desert khaki , blue , black"
L - 5XL+,"white , navy , blue , black"
S - 5XL,"white , team red , navy , maroon , grey , frost blue , forest green , desert khaki , blue , black"
L - 5XL+,"white , navy , blue , black"
S - 5XL (4XL and 5XL selected colours only).,"vintage red , steel grey , olympic blue , navy , black"
S - 5XL (4XL and 5XL selected colours only).,"team red/silver , steel grey/silver , pacific silver , black/silver , aspen blue/hi-liter green "
S - 5XL.,"team red heather , new royal heather , heather dark charcoal ,apple heather"
S - 3XL,"white , team red heather , sky heather , purple heather , new royal heather , medium heather grey , kelly heather , heather dark charcoal"
S - 5XL (4XL and 5XL selected colours only).,"white , team red , steel grey , sky , orange , new royal , navy , maroon , forest green , black"
S - 3XL,"white solid , white , team red heather , olympic blue heather , navy heather , heather grey , heather dark charcoal , apple heather , amber heather"
S - 5XL (4XL and 5XL selected colours only),"white , team red , steel grey , new royal , navy , black"
S ñ 5XL (4XL and 5XL selected colours only).,"white , sport red , olympic blue , navy , grey storm , black"
S ñ 3XL,"white , vintage navy , team red , heather charcoal , black"
S ñ 3XL,"vintage red heather/black , smoke heather/black , silver heather/black , olympic blue heather/black"
S ñ 3XL,"white/black , team red/black , olympic blue/black , black smoke/black"
S - 5XL (4XL and 5XL selected colours only),"vintage navy/white , sport red/white , olympic blue/white , black/white"
S - 3XL,"new royal heather/black , juniper leaf heather/black , heather dark charcoal/black"
S - 3XL,"white/heather grey , new royal hthr/hthr dk char , navy heather/hthr dk charcoal , heather grey/hthr dk charcoal"
S ñ 3XL,"white , olympic blue , heather dark charcoal , heather , black"
S - 3XL,"white , olympic blue heather , heather grey , heather dark charcoal , black"
S - 5XL (4XL and 5XL selected colours only).,"team red , metro blue , fossil , black , amazon green"
S ñ 5XL (4XL and 5XL selected colours only).,"team red/black smoke , olympic blue/black smoke , grey storm/black , fossil/grey storm , amazon green/black"
S - 5XL (4XL and 5XL selected colours only).,"white/grey storm , team red/black , olympic blue/black , dark plum/grey storm , black/black"
S - 5XL,"navy , charcoal , black"
S - 3XL,black
S - 5XL (4XL and 5XL selected colours only).,"team red , olympic blue , grey storm , black"
S - 5XL,"team red , olympic blue , navy , grey storm , black"
S - 5XL,"navy , grey storm , black"
S - 5XL,"team red , steel grey , new royal , navy , black"
S - 5XL,"team red , steel grey , new royal , navy , black"
S - 3XL,"white/grey storm , team red/grey storm , olympic blue/grey storm , navy/grey storm , black/grey storm"
S - 5XL (4XL and 5XL selected colours only).,"navy , grey storm , black , aspen blue"
S - 5XL (4XL and 5XL selected colours only),"olympic blue , navy , grey storm , black"
S ñ 3XL,"metro blue / navy , grey storm / saffron , grey / white , black / grey storm"
S ñ 3XL,"team red , steel grey , orange , new royal , black"
S ñ 3XL,"team red , steel grey , orange , new royal , black"
XS - 3XL,"yellow , team red , steel grey , new royal , navy , maroon , forest green , black"
XS - 3XL,"white/steel grey , team red/steel grey , new royal/steel grey , navy/steel grey , hi-liter green/steel grey , grey storm/steel grey , black/steel grey"
XS - 2XL,"olympic blue , navy , grey storm , black"
XS - 2XL,"white/grey storm/steel grey , vintage red/grey storm/steel grey , pacific blue/grey storm/steel grey , navy/grey storm/steel grey , black/grey storm/steel grey"
XS - 2XL,"vintage red/steel grey , steel grey/black , saffron/steel grey , navy/steel grey , black/steel grey"
XS - 2XL,"team red heather/grey storm  , olympic blue heather/grey strm  , heather dark charcoal/black "
XS - 3XL (3XL selected colours only).,"vintage navy , team red , saffron , olympic blue , dark citron green , black"
XS - 3XL.,"white/steel grey , steel grey/white , red/steel grey , olympic blue/white , navy/white , black/white"
XS - 3XL (3XL selected colours only),"yellow , white , vintage red , vintage navy , steel grey , new royal , dark plum , dark citron green , black"
XS - 3XL,"yellow , white , team red , steel grey , olympic blue , navy , dark plum , dark citron green , black"
XS - 2XL,"olympic blue , metro blue , green tea , dark plum , black"
XS - 3XL,"steel grey/white , navy/white , juniper/white , denim/white , black"
XS - 3XL,"white , team red , purple , orange , new royal , navy , maroon , heather grey , forest green , black , aspen blue"
XS - 3XL (3XL selected colours only),"white , tangerine , stone , steel grey , red , pink zircon , olympic blue , navy , mocha ,maroon , green tea , forest green , chill , black"
XS - 3XL,"white  , team red  , steel grey  , olympic blue  , navy  , forest green  , black "
XS - 2XL (3XL available for Black and Navy only),"white , vintage red , saffron , olympic blue , navy , black"
XS - 2XL,"white , saffron , reflection , dark plum , black"
XS - 3XL (3XL selected colours only).,"white , team red , sandstone , saffron , pine green , olympic blue , new royal , navy , heather , dark plum , dark citron green , black"
XS - 3XL,"navy , maroon , juniper/steel grey/white , fossil , chill , black"
XS - 3XL,"white , vintage red , vintage navy , olympic blue , black , anthracite"
XS - 3XL,"team red heather/black smoke , new royal heather/black smoke , heather dk charcoal/black smoke , apple heather/black smoke"
XS - 3XL (3XL selected colours only),"woodland , white , tan , stone , spark , red , port , navy , grey , fresh , dijon , butter , blue , black"
XS - 3XL (3XL selected colours only),"woodland , white , tan , stone , spark , red , port , navy , midland green , grey , fresh , dijon , butter , blue , black"
XS - 3XL,"white , team red , navy , maroon , grey , frost blue , forest green , desert khaki , blue , black"
XS - 3XL,"white , team red , navy , maroon , grey , frost blue , forest green , desert khaki , blue , black"
XS - 3XL (3XL selected colours only).,"vintage red , steel grey , olympic blue , navy , black"
XS - 3XL (3XL selected colours only).,"team red/silver , steel grey/silver , pacific silver , black/silver , aspen blue/hi-liter green "
XS - 3XL,"team red heather , new royal heather , heather dark charcoal , apple heather"
XS - 2XL,"white , team red heather , sky heather , purple heather , new royal heather , medium heather grey , kelly heather , heather dark charcoal"
XS - 3XL (3XL selected colours only).,"white , team red , steel grey , sky , orange , new royal , navy , maroon , forest green , black"
XS - 2XL,"white solid , white , team red heather , olympic blue heather , navy heather ,heather grey , heather dark charcoal , apple heather , amber heather"
XS - 3XL (3XL selected colours only),"white , team red , steel grey , new royal , navy , black"
XS - 3XL (3XL selected colours only).,"white , sport red , olympic blue , navy , grey storm , black"
XS - 2XL,"white , vintage navy , team red , heather charcoal , black"
XS - 2XL,"vintage red heather/black , smoke heather/black , silver heather/black , olympic blue heather/black"
XS - 2XL,"white/black , team red/black , olympic blue/black , black smoke/black"
XS - 3XL (3XL selected colours only),"vintage navy/white , sport red/white , olympic blue/white , black/white"
XS - 2XL,"new royal heather/black , juniper leaf heather/black , heather dark charcoal/black"
XS - 2XL,"white/heather grey , new royal hthr/hthr dk char , navy heather/hthr dk charcoal , heather grey/hthr dk charcoal"
XS - 2XL,"white , olympic blue , heather dark charcoal , heather , black"
XS - 2XL,"white , olympic blue heather , heather grey , heather dark charcoal , black"
XS - 3XL (3XL selected colours only).,"team red , metro blue , fossil , black , amazon green"
XS - 3XL (3XL selected colours only).,"team red/black smoke , olympic blue/black smoke , grey storm/black , fossil/grey storm , amazon green/black"
XS - 3XL (3XL selected colours only).,"white/grey storm , team red/black , olympic blue/black , dark plum/grey storm , black/black"
XS - 3XL,"navy , charcoal , black"
XS - 3XL (3XL selected colours only).,"team red , olympic blue , grey storm , black"
XS - 3XL,"team red , olympic blue , navy , grey storm , black"
XS - 3XL,"navy , grey storm , black"
XS - 3XL,"team red , steel grey , new royal , navy , black"
XS - 3XL,"team red , steel grey , new royal , navy , black"
XS - 2XL,"white/grey storm , team red/grey storm , olympic blue/grey storm , navy/grey storm , black/grey storm"
XS - 3XL (3XL selected colours only).,"navy , grey storm , black , aspen blue"
XS - 3XL (3XL selected colours only),"olympic blue , navy , grey storm , black"
XS - 2XL,"metro blue / navy , grey storm / saffron , grey / white , black / grey storm"
XS ñ 2XL,"team red . steel grey ,orange , new royal , black"
XS - 2XL,"team red , steel grey, orange , new royal , black"
